model,log_loss,brier,roc_auc,pr_auc,threshold,accuracy,precision,recall,f1,cost_per_day
Always no rain,,,,,,0.75,0.0,0.0,0.0,0.75
Persistence (rain today),,,,,,0.6701520912547528,0.33969465648854963,0.33840304182509506,0.33904761904761904,0.6606463878326996
Humidity3pm > 60,,,,,,0.6378326996197718,0.34554973821989526,0.5019011406844106,0.40930232558139534,0.6112167300380228
LogReg,0.5325076752847846,0.17590817059611885,0.6711436240705133,0.39780399147544687,0.2,0.6083650190114068,0.3501006036217304,0.6615969581749049,0.45789473684210524,0.5608365019011406
LightGBM,0.47603436625456536,0.15585745708489648,0.7705812334041744,0.5206782710192147,0.23,0.7015209125475285,0.4408352668213457,0.7224334600760456,0.547550432276657,0.4372623574144487
MLP,0.4721439106061713,0.15308405099890332,0.7774532907323608,0.5271707220196583,0.23,0.7053231939163498,0.4467120181405896,0.7490494296577946,0.5596590909090909,0.42015209125475284
GRU,0.4747648076022695,0.154619997900622,0.7702101615849104,0.5256552177101195,0.24,0.7100760456273765,0.44902912621359226,0.7034220532319392,0.5481481481481482,0.438212927756654
Transformer,0.47634662231995417,0.15541531559291988,0.7745280882090725,0.5148903435332398,0.23,0.7053231939163498,0.4457274826789838,0.7338403041825095,0.5545977011494253,0.42775665399239543
LightGBM retrained to 2026,0.4684664806439583,0.15294487295916998,0.7812025618412873,0.5332945284851713,0.23,0.6986692015209125,0.43973214285714285,0.7490494296577946,0.5541490857946554,0.4268060836501901
